Symbol,Name,Last Sale,Net Change,% Change,Market Cap,Country,IPO Year,Volume,Sector,Industry,
AAPL,Apple Inc. Common Stock,$163.92,-0.5926,-0.36%,2841891695716.00,United States,1980,76540599,Technology,Computer Manufacturing,
MSFT,Microsoft Corporation Common Stock,$300.70,-0.90,-0.298%,2257649719511.00,United States,1986,33599091,Technology,Computer Software: Prepackaged Software,
GOOGL,Alphabet Inc. Class A Common Stock,$2652.50,-13.655,-0.512%,1760630675265.00,United States,,1583864,Technology,Internet and Information Services,
GOOG,Alphabet Inc. Class C Capital Stock,$2651.66,-18.4737,-0.692%,1760073976403.00,United States,2004,1117229,Technology,Internet and Information Services,
AMZN,Amazon.com Inc. Common Stock,$2912.31,-121.04,-3.99%,1476971085202.00,United States,1997,4817664,Consumer Services,Catalog/Specialty Distribution,
TSLA,Tesla Inc. Common Stock,$957.51,-38.7599,-3.891%,961593738865.00,United States,2010,24079070,Capital Goods,Auto Manufacturing,
FB,Meta Platforms Inc. Class A Common Stock,$308.74,-7.82,-2.47%,870475295239.00,United States,2012,17136721,Technology,Internet and Information Services,
TSM,Taiwan Semiconductor Manufacturing Company Ltd.,$125.89,-2.44,-1.901%,652865540000.00,Taiwan,1997,10267818,Technology,Semiconductors,
NVDA,NVIDIA Corporation Common Stock,$239.72,-1.7822,-0.738%,599294500000.00,United States,1999,50447556,Technology,Semiconductors,
V,Visa Inc.,$210.17,-4.185,-1.952%,456858541794.00,United States,,6588533,Miscellaneous,Business Services,
UNH,UnitedHealth Group Incorporated Common Stock (DE),$465.99,2.99,0.646%,438893263988.00,United States,,2305022,Health Care,Medical Specialities,
JNJ,Johnson & Johnson Common Stock,$164.69,-0.565,-0.342%,433549231840.00,United States,,4937883,Health Care,Biotechnology: Pharmaceutical Preparations,
JPM,JP Morgan Chase & Co. Common Stock,$145.79,-1.87,-1.266%,429220339000.00,United States,,11699495,Finance,Major Banks,
PG,Procter & Gamble Company (The) Common Stock,$163.24,1.24,0.765%,395032281974.00,United States,,6924057,Consumer Non-Durables,Package Goods/Cosmetics,
WMT,Walmart Inc. Common Stock,$141.25,0.03,0.021%,391810332193.00,United States,,4360606,Consumer Services,Department/Specialty Retail Stores,
BAC,Bank of America Corporation Common Stock,$45.21,-0.54,-1.18%,390038087876.00,United States,,41854487,Finance,Major Banks,
HD,Home Depot Inc. (The) Common Stock,$350.91,1.33,0.38%,366433969601.00,United States,,4851965,Consumer Services,RETAIL: Building Materials,
MA,Mastercard Incorporated Common Stock,$360.01,-3.99,-1.096%,353730487774.00,United States,2006,2649304,Miscellaneous,Business Services,
BABA,Alibaba Group Holding Limited American Depositary Shares each representing eight Ordinary share,$124.61,-6.42,-4.90%,337806949927.00,China,2014,16999294,Consumer Services,Catalog/Specialty Distribution,
XOM,Exxon Mobil Corporation Common Stock,$72.60,-0.67,-0.914%,307356952511.00,United States,,20225636,Energy,Oil & Gas Production,
PFE,Pfizer Inc. Common Stock,$52.67,-1.3808,-2.555%,295625193423.00,United States,,24005550,Health Care,Biotechnology: Pharmaceutical Preparations,
ASML,ASML Holding N.V. New York Registry Shares,$707.50,1.04,0.147%,287580688940.00,Netherlands,1995,1025715,Technology,Industrial Machinery/Components,
TM,Toyota Motor Corporation Common Stock,$200.13,-1.344,-0.667%,276548934135.00,Japan,,172978,Capital Goods,Auto Manufacturing,
NTES,NetEase Inc. American Depositary Shares,$98.01,-5.35,-5.176%,263051265003.00,China,,1656410,Miscellaneous,Business Services,
KO,Coca-Cola Company (The) Common Stock,$60.61,-0.14,-0.23%,261800060504.00,United States,,15554283,Consumer Non-Durables,Beverages (Production/Distribution),
DIS,Walt Disney Company (The) Common Stock,$138.96,-8.66,-5.866%,252972136703.00,United States,,24370128,Consumer Services,Movies/Entertainment,
CVX,Chevron Corporation Common Stock,$127.77,-0.68,-0.529%,246300429871.00,United States,,7896498,Energy,Integrated oil Companies,
PEP,PepsiCo Inc. Common Stock,$174.83,0.885,0.509%,241722300760.00,United States,,3687197,Consumer Non-Durables,Beverages (Production/Distribution),
ADBE,Adobe Inc. Common Stock,$507.82,-3.0275,-0.593%,241621945500.00,United States,1986,2225117,Technology,Computer Software: Prepackaged Software,
CSCO,Cisco Systems Inc. Common Stock (DE),$56.98,-1.105,-1.903%,240298133471.00,United States,1990,14538775,Technology,Computer peripheral equipment,
ABBV,AbbVie Inc. Common Stock,$132.28,-0.75,-0.564%,233855227910.00,United States,2012,3465787,Health Care,Other Pharmaceuticals,
LLY,Eli Lilly and Company Common Stock,$242.81,-0.32,-0.132%,232270198944.00,United States,,1535688,Health Care,Biotechnology: Pharmaceutical Preparations,
TMO,Thermo Fisher Scientific Inc Common Stock,$582.84,-5.325,-0.905%,229665016787.00,United States,,938598,Capital Goods,Biotechnology: Laboratory Analytical Instruments,
NKE,Nike Inc. Common Stock,$144.41,1.68,1.177%,228354850374.00,United States,,4080130,Consumer Non-Durables,Shoe Manufacturing,
CMCSA,Comcast Corporation Class A Common Stock,$49.91,-0.3093,-0.616%,228038147422.00,United States,,14243303,Consumer Services,Television Services,
AVGO,Broadcom Inc. Common Stock,$543.53,-4.19,-0.765%,224409387827.00,United States,2009,1746058,Technology,Semiconductors,
VZ,Verizon Communications Inc. Common Stock,$53.29,-0.1064,-0.199%,223713765785.00,United States,,14396506,Public Utilities,Telecommunications Equipment,
ABT,Abbott Laboratories Common Stock,$125.69,0.975,0.782%,222247147699.00,United States,,4371259,Health Care,Medical/Dental Instruments,
ORCL,Oracle Corporation Common Stock,$82.72,0.00,0.00%,220899375840.00,United States,1986,6310743,Technology,Computer Software: Prepackaged Software,
CRM,Salesforce.com Inc Common Stock,$222.29,-0.65,-0.292%,218955650000.00,United States,2004,5654666,Technology,Computer Software: Prepackaged Software,
NVO,Novo Nordisk A/S Common Stock,$95.97,0.505,0.529%,218588666654.00,Denmark,,938015,Health Care,Biotechnology: Biological Products (No Diagnostic Substances),
COST,Costco Wholesale Corporation Common Stock,$485.59,2.77,0.574%,215326380877.00,United States,,1775199,Consumer Services,Department/Specialty Retail Stores,
ACN,Accenture plc Class A Ordinary Shares (Ireland),$339.13,-3.56,-1.039%,214330409600.00,Ireland,2001,1313865,Miscellaneous,Business Services,
INTC,Intel Corporation Common Stock,$52.55,0.51,0.98%,213720850000.00,United States,,26826207,Technology,Semiconductors,
WFC,Wells Fargo & Company Common Stock,$54.01,-0.995,-1.809%,209852709845.00,United States,,20175818,Finance,Major Banks,
MRK,Merck & Company Inc. Common Stock (new),$79.98,-0.77,-0.954%,202024996001.00,United States,,8522241,Health Care,Biotechnology: Pharmaceutical Preparations,
DHR,Danaher Corporation Common Stock,$281.70,-1.26,-0.445%,201296303716.00,United States,,2228755,Health Care,Medical Specialities,
NVS,Novartis AG Common Stock,$87.34,-0.85,-0.964%,195387573269.00,Switzerland,,1768361,Health Care,Biotechnology: Pharmaceutical Preparations,
PYPL,PayPal Holdings Inc. Common Stock,$164.80,-8.48,-4.894%,193628492346.00,United States,,12227377,Miscellaneous,Business Services,
MCD,McDonald's Corporation Common Stock,$256.05,2.915,1.152%,191328455356.00,United States,,1942149,Consumer Services,Restaurants,
T,AT&T Inc.,$26.73,-0.295,-1.092%,190843225000.00,United States,,34517342,Consumer Services,Telecommunications Equipment,
QCOM,QUALCOMM Incorporated Common Stock,$167.29,0.79,0.474%,187364800000.00,United States,1991,7295852,Technology,Computer peripheral equipment,
AZN,AstraZeneca PLC American Depositary Shares,$59.17,-1.00,-1.662%,183356074696.00,United Kingdom,,3894319,Health Care,Biotechnology: Pharmaceutical Preparations,
NFLX,Netflix Inc. Common Stock,$401.62,-106.63,-20.98%,177898460154.00,United States,2002,45616467,Consumer Services,Movies/Entertainment,
MS,Morgan Stanley Common Stock,$99.08,-0.75,-0.751%,177790336402.00,United States,,14145818,Finance,Investment Bankers/Brokers/Service,
UPS,United Parcel Service Inc. Common Stock,$202.28,-0.01,-0.005%,175810074102.00,United States,1999,1247689,Transportation,Air Freight/Delivery Services,
SCHW,Charles Schwab Corporation (The) Common Stock,$89.38,-2.05,-2.242%,168981823531.00,United States,,5333193,Finance,Investment Bankers/Brokers/Service,
BHP,BHP Group Limited American Depositary Shares (Each representing two Ordinary Shares),$65.70,-2.33,-3.425%,166296850913.00,Australia,,6924613,Basic Industries,Precious Metals,
BBL,BHP Group PlcSponsored ADR,$65.47,-2.34,-3.451%,165571115625.00,Australia,,4504702,Energy,Coal Mining,
RY,Royal Bank Of Canada Common Stock,$115.17,-0.9318,-0.803%,164076605671.00,Canada,,1352164,,,
TXN,Texas Instruments Incorporated Common Stock,$176.59,3.14,1.81%,163085464640.00,United States,,5706402,Technology,Semiconductors,
LIN,Linde plc Ordinary Share,$318.03,-3.655,-1.136%,163005218326.00,,2018,922527,Basic Industries,Major Chemicals,
NEE,NextEra Energy Inc. Common Stock,$83.06,-0.45,-0.539%,162975107028.00,United States,,6485778,Public Utilities,Electric Utilities: Central,
SAP,SAP  SE ADS,$136.80,-0.21,-0.153%,161366453712.00,Germany,,990547,Technology,EDP Services,
PM,Philip Morris International Inc Common Stock,$102.85,0.83,0.814%,160119726888.00,United States,,2460827,Consumer Non-Durables,Farming/Seeds/Milling,
UNP,Union Pacific Corporation Common Stock,$247.77,5.70,2.355%,159285312189.00,United States,,2550643,Transportation,Railroads,
LOW,Lowe's Companies Inc. Common Stock,$226.23,2.30,1.027%,152421826567.00,United States,,2797285,Consumer Services,RETAIL: Building Materials,
INTU,Intuit Inc. Common Stock,$534.58,-10.04,-1.843%,151375361402.00,United States,1993,1118130,Technology,Computer Software: Prepackaged Software,
AMD,Advanced Micro Devices Inc. Common Stock,$121.81,-0.082,-0.067%,147096614303.00,United States,,67864017,Technology,Semiconductors,
TD,Toronto Dominion Bank (The) Common Stock,$79.98,-1.3329,-1.639%,145932025077.00,Canada,,1238210,,,
TTE,TotalEnergies SE,$55.98,-1.14,-1.996%,145737731503.00,France,,1760213,Energy,Oil & Gas Production,
MDT,Medtronic plc. Ordinary Shares,$106.19,0.0832,0.078%,142782893668.00,United States,,3118871,Health Care,Biotechnology: Electromedical & Electrotherapeutic Apparatus,
HON,Honeywell International Inc. Common Stock,$206.38,-2.545,-1.218%,142073291466.00,United States,,2279319,,,
BMY,Bristol-Myers Squibb Company Common Stock,$63.69,-0.895,-1.386%,141358087685.00,United States,,6044255,Health Care,Biotechnology: Pharmaceutical Preparations,
SONY,Sony Group Corporation American Depositary Shares ,$111.46,-2.17,-1.91%,138155349460.00,Japan,,995337,Consumer Non-Durables,Consumer Electronics/Appliances,
HSBC,HSBC Holdings plc. Common Stock,$33.99,-0.32,-0.933%,138006309521.00,United Kingdom,,2353701,Finance,Savings Institutions,
CVS,CVS Health Corporation Common Stock,$101.54,-0.855,-0.835%,134032155738.00,United States,,4422957,Health Care,Managed Health Care,
RTX,Raytheon Technologies Corporation Common Stock,$87.79,-0.5703,-0.645%,131401668937.00,United States,,2523321,Capital Goods,Military/Government/Technical,
SNY,Sanofi ADS,$51.35,-0.74,-1.421%,128636138782.00,France,,1070187,Health Care,Biotechnology: Pharmaceutical Preparations,
AMGN,Amgen Inc. Common Stock,$227.88,-1.0219,-0.446%,128355963543.00,United States,1983,1617356,Health Care,Biotechnology: Pharmaceutical Preparations,
HDB,HDFC Bank Limited Common Stock,$69.38,-0.205,-0.295%,128174594672.00,India,2001,877805,Finance,Commercial Banks,
TMUS,T-Mobile US Inc. Common Stock,$102.37,-1.695,-1.629%,127859364496.00,United States,,3045379,Public Utilities,Telecommunications Equipment,
UL,Unilever PLC Common Stock,$49.57,0.17,0.344%,127209886270.00,United Kingdom,,2957326,Consumer Non-Durables,Farming/Seeds/Milling,
C,Citigroup Inc. Common Stock,$63.43,-1.03,-1.598%,125862070970.00,United States,,16364036,Finance,Major Banks,
AXP,American Express Company Common Stock,$159.87,-1.05,-0.652%,123828229511.00,United States,,1924399,Finance,Finance: Consumer Services,
AMAT,Applied Materials Inc. Common Stock,$138.42,-0.73,-0.525%,122988003788.00,United States,1972,7612498,Capital Goods,Industrial Machinery/Components,
BLK,BlackRock Inc. Common Stock,$808.43,-18.12,-2.192%,122626293059.00,United States,1999,482292,Finance,Investment Bankers/Brokers/Service,
BA,Boeing Company (The) Common Stock,$207.76,-6.4294,-3.002%,122100743398.00,United States,,7702945,Capital Goods,Aerospace,
RIO,Rio Tinto Plc Common Stock,$74.69,-1.47,-1.93%,120949302364.00,Australia,2002,3617262,Basic Industries,Steel/Iron Ore,
DEO,Diageo plc Common Stock,$204.61,0.1618,0.079%,118842928501.00,United Kingdom,,393575,Consumer Non-Durables,Beverages (Production/Distribution),
CHTR,Charter Communications Inc. Class A Common Stock New,$574.42,2.26,0.395%,117698185252.00,United States,,581648,Consumer Services,Television Services,
CAT,Caterpillar Inc. Common Stock,$215.37,-1.265,-0.584%,116499887684.00,United States,,2066372,Capital Goods,Construction/Ag Equipment/Trucks,
SHOP,Shopify Inc. Class A Subordinate Voting Shares,$924.69,-99.26,-9.694%,116141373771.00,Canada,2015,2837439,,,
GS,Goldman Sachs Group Inc. (The) Common Stock,$346.31,-1.79,-0.514%,115521301598.00,United States,1999,3059740,Finance,Investment Bankers/Brokers/Service,
JD,JD.com Inc. American Depositary Shares,$74.13,-2.875,-3.734%,115136101688.00,China,2014,8536359,Miscellaneous,Business Services,
PLD,Prologis Inc. Common Stock,$155.39,1.25,0.811%,114884022530.00,United States,,1918151,Consumer Services,Real Estate Investment Trusts,
SBUX,Starbucks Corporation Common Stock,$97.42,1.70,1.776%,114293144000.00,United States,1992,8477619,,,
BUD,Anheuser-Busch Inbev SA Sponsored ADR (Belgium),$65.38,-0.215,-0.328%,113567876489.00,Belgium,,692551,Consumer Non-Durables,Beverages (Production/Distribution),
GSK,GlaxoSmithKline PLC Common Stock,$45.01,0.13,0.29%,113240863976.00,United Kingdom,,2538674,Health Care,Biotechnology: Pharmaceutical Preparations,
DE,Deere & Company Common Stock,$366.14,-0.84,-0.229%,112843099829.00,United States,,839877,Capital Goods,Industrial Machinery/Components,
AMT,American Tower Corporation (REIT) Common Stock,$246.42,0.48,0.195%,112223043215.00,United States,,1408548,Finance,Trusts Except Educational Religious and Charitable,
COP,ConocoPhillips Common Stock,$83.34,-2.2942,-2.679%,109915492319.00,United States,,5937833,Energy,Integrated oil Companies,
ANTM,Anthem Inc. Common Stock,$443.95,-8.77,-1.937%,107753180410.00,United States,,584584,Health Care,Medical Specialities,
EL,Estee Lauder Companies Inc. (The) Common Stock,$298.77,-2.29,-0.761%,107541482905.00,United States,1995,1227413,Consumer Non-Durables,Package Goods/Cosmetics,
GE,General Electric Company Common Stock,$97.24,-1.015,-1.033%,106777363641.00,United States,,4675688,Consumer Durables,Metal Fabrications,
TGT,Target Corporation Common Stock,$219.20,-2.52,-1.137%,105023962826.00,United States,,3842672,Consumer Services,Department/Specialty Retail Stores,
NOW,ServiceNow Inc. Common Stock,$517.98,2.975,0.578%,103077025000.00,United States,2012,1546943,Technology,Computer Software: Prepackaged Software,
LMT,Lockheed Martin Corporation Common Stock,$372.52,-2.6099,-0.696%,102735992207.00,United States,,1219121,Capital Goods,Aerospace,
BP,BP p.l.c. Common Stock,$30.93,-0.43,-1.371%,101613426308.00,United Kingdom,,12472311,Energy,Integrated oil Companies,
SPGI,S&P Global Inc. Common Stock,$420.01,2.03,0.486%,101222410000.00,United States,,937401,Technology,Advertising,
MMM,3M Company Common Stock,$173.83,0.261,0.15%,100170600998.00,United States,,1525521,,,
INFY,Infosys Limited American Depositary Shares,$23.55,-0.135,-0.57%,98680938439.00,India,,6114798,Technology,EDP Services,
BKNG,Booking Holdings Inc. Common Stock,$2397.00,-36.64,-1.506%,98429173545.00,United States,,256423,Transportation,Other Consumer Services,
BTI,British American Tobacco  Industries p.l.c. Common Stock ADR,$42.66,0.11,0.259%,97891371779.00,United Kingdom,,4053784,Consumer Non-Durables,Farming/Seeds/Milling,
SYK,Stryker Corporation Common Stock,$255.61,-1.41,-0.549%,96426305664.00,United States,,820076,Health Care,Medical/Dental Instruments,
MDLZ,Mondelez International Inc. Class A Common Stock,$68.68,0.92,1.358%,95806686026.00,United States,,11931127,Consumer Non-Durables,Meat/Poultry/Fish,
ISRG,Intuitive Surgical Inc. Common Stock,$268.12,-24.61,-8.407%,95782347171.00,United States,2000,3582542,Health Care,Medical/Dental Instruments,
IBM,International Business Machines Corporation Common Stock,$130.54,-0.28,-0.214%,95502199434.00,United States,,3236952,Technology,EDP Services,
ZTS,Zoetis Inc. Class A Common Stock,$201.72,-0.24,-0.119%,95438940814.00,United States,2013,881506,Health Care,Biotechnology: Pharmaceutical Preparations,
ABNB,Airbnb Inc. Class A Common Stock,$158.20,0.20,0.127%,94350322907.00,United States,2020,4382504,Transportation,Other Consumer Services,
MU,Micron Technology Inc. Common Stock,$82.81,-2.265,-2.663%,92723143594.00,United States,,18477054,Technology,Semiconductors,
MO,Altria Group Inc.,$50.31,-0.02,-0.04%,92418907635.00,United States,,5025221,Consumer Non-Durables,Farming/Seeds/Milling,
ADP,Automatic Data Processing Inc. Common Stock,$218.33,-1.98,-0.899%,92000777890.00,United States,,1075701,Miscellaneous,Business Services,
PTR,PetroChina Company Limited Common Stock,$49.90,-0.19,-0.379%,91327467922.00,China,,110173,Energy,Oil & Gas Production,
EQNR,Equinor ASA,$28.12,-0.53,-1.85%,90827259945.00,Norway,,5855951,Energy,Integrated oil Companies,
SE,Sea Limited American Depositary Shares each representing one Class A Ordinary Share,$157.71,-12.35,-7.262%,87960853672.00,United States,2017,7712476,Technology,Computer Software: Prepackaged Software,
CNI,Canadian National Railway Company Common Stock,$123.66,0.26,0.211%,87341058000.00,Canada,,1117285,,,
LRCX,Lam Research Corporation Common Stock,$619.20,-0.47,-0.076%,87182553182.00,United States,1984,1083492,Technology,Industrial Machinery/Components,
BNS,Bank Nova Scotia Halifax Pfd 3 Ordinary Shares,$71.65,-1.10,-1.512%,87105270272.00,Canada,,1077863,,,
CX,Cemex S.A.B. de C.V. Sponsored ADR,$5.88,-0.4144,-6.588%,86541540398.00,Mexico,,12264145,Capital Goods,Building Materials,
GILD,Gilead Sciences Inc. Common Stock,$68.16,0.35,0.516%,85498780860.00,United States,1992,6369088,Health Care,Biotechnology: Pharmaceutical Preparations,
PNC,PNC Financial Services Group Inc. (The) Common Stock,$202.09,-4.81,-2.325%,84877800000.00,United States,,1349572,Finance,Major Banks,
BAM,Brookfield Asset Management Inc. Common Stock,$54.11,-0.76,-1.385%,84859680094.00,Canada,,963800,Miscellaneous,Other Consumer Services,
ADI,Analog Devices Inc. Common Stock,$160.83,2.20,1.387%,84488931978.00,United States,,2427707,Technology,Semiconductors,
SNOW,Snowflake Inc. Class A Common Stock,$274.75,-4.52,-1.619%,84155925000.00,United States,2020,2744859,Technology,Computer Software: Prepackaged Software,
F,Ford Motor Company Common Stock,$20.91,-0.74,-3.418%,83561409828.00,United States,,105787437,Capital Goods,Auto Manufacturing,
CB,Chubb Limited  Common Stock,$193.85,0.74,0.383%,83499197128.00,Switzerland,,1635568,Finance,Property-Casualty Insurers,
PBR,Petroleo Brasileiro S.A.- Petrobras Common Stock,$12.72,0.0686,0.542%,82951989073.00,Brazil,,18725120,Energy,Oil & Gas Production,
USB,U.S. Bancorp Common Stock,$55.84,-1.10,-1.932%,82799422395.00,United States,,5985953,Finance,Major Banks,
ENB,Enbridge Inc Common Stock,$40.79,-0.9798,-2.346%,82644419668.00,Canada,,3440066,Energy,Oil & Gas Production,
TFC,Truist Financial Corporation Common Stock,$61.84,-1.28,-2.028%,82112265120.00,United States,,3514884,Finance,Major Banks,
CME,CME Group Inc. Class A Common Stock,$227.60,-3.60,-1.557%,81799282273.00,United States,2002,917091,Finance,Investment Bankers/Brokers/Service,
TJX,TJX Companies Inc. (The) Common Stock,$68.18,0.85,1.262%,81330448903.00,United States,,4690434,Consumer Services,Department/Specialty Retail Stores,
MMC,Marsh & McLennan Companies Inc. Common Stock,$158.27,0.08,0.051%,79909789735.00,United States,,904237,Finance,Specialty Insurers,
DUK,Duke Energy Corporation (Holding Company) Common Stock,$103.33,1.02,0.997%,79496250629.00,United States,,1593393,Public Utilities,Power Generation,
BX,Blackstone Inc. Common Stock,$111.65,0.09,0.081%,79373063427.00,United States,2007,2995977,Finance,Investment Managers,
CCI,Crown Castle International Corp. (REIT) Common Stock,$183.26,1.61,0.886%,79205567228.00,United States,,668828,Consumer Services,Real Estate Investment Trusts,
CI,Cigna Corporation Common Stock,$238.59,-1.80,-0.749%,79075352837.00,United States,,867695,Health Care,Medical Specialities,
PDD,Pinduoduo Inc. American Depositary Shares,$62.66,-3.46,-5.233%,78531076271.00,China,2018,5221391,Miscellaneous,Business Services,
GM,General Motors Company Common Stock,$53.94,-0.7135,-1.306%,78308262747.00,United States,2010,17066981,Capital Goods,Auto Manufacturing,
SHW,Sherwin-Williams Company (The) Common Stock,$297.20,-0.46,-0.155%,77924709451.00,United States,,945784,Basic Industries,Paints/Coatings,
MUFG,Mitsubishi UFJ Financial Group Inc. Common Stock,$5.92,-0.0084,-0.142%,75533549135.00,Japan,,902092,Finance,Commercial Banks,
CSX,CSX Corporation Common Stock,$34.01,-1.23,-3.49%,75433615808.00,United States,,14782168,Transportation,Railroads,
BDX,Becton Dickinson and Company Common Stock,$264.39,0.4247,0.161%,75363956298.00,United States,,873884,Health Care,Medical/Dental Instruments,
ITW,Illinois Tool Works Inc. Common Stock,$238.03,0.36,0.151%,74713028972.00,United States,,792230,Capital Goods,Industrial Machinery/Components,
HCA,HCA Healthcare Inc. Common Stock,$238.98,-1.78,-0.739%,74328228744.00,United States,2011,924687,Health Care,Hospital/Nursing Management,
BMO,Bank Of Montreal Common Stock,$114.36,-2.06,-1.769%,74134944412.00,Canada,,644014,,,
TEAM,Atlassian Corporation Plc Class A Ordinary Shares,$291.39,0.07,0.024%,73649353995.00,United Kingdom,2015,1140975,Technology,Computer Software: Prepackaged Software,
IBN,ICICI Bank Limited Common Stock,$21.14,-0.375,-1.743%,73373403528.00,India,,4856859,Finance,Commercial Banks,
VALE,VALE S.A.  American Depositary Shares Each Representing one common share,$15.60,-0.395,-2.47%,73303641637.00,Brazil,,26871611,Basic Industries,Steel/Iron Ore,
ABB,ABB Ltd Common Stock,$36.65,-0.32,-0.866%,73043450000.00,Switzerland,,1503507,Consumer Durables,Electrical Products,
SO,Southern Company (The) Common Stock,$68.12,0.24,0.354%,72193843780.00,United States,,3168923,Public Utilities,Power Generation,
UBER,Uber Technologies Inc. Common Stock,$36.91,-0.91,-2.406%,71609764534.00,,2019,27100203,Technology,EDP Services,
ICE,Intercontinental Exchange Inc. Common Stock,$126.76,0.64,0.507%,71417133631.00,United States,2005,1821011,Finance,Investment Bankers/Brokers/Service,
CL,Colgate-Palmolive Company Common Stock,$83.97,0.68,0.816%,70774004583.00,United States,,2444086,Consumer Non-Durables,Package Goods/Cosmetics,
EW,Edwards Lifesciences Corporation Common Stock,$113.28,-2.28,-1.973%,70724611707.00,United States,,2126885,Health Care,Industrial Specialties,
CP,Canadian Pacific Railway Limited Common Stock,$75.34,-1.03,-1.349%,70034138536.00,Canada,,4133784,,,
FISV,Fiserv Inc. Common Stock,$105.72,-0.58,-0.546%,69799719428.00,United States,1986,2192875,Technology,EDP Services,
FIS,Fidelity National Information Services Inc. Common Stock,$112.53,-0.67,-0.592%,68523698727.00,United States,,1676634,Miscellaneous,Business Services,
NSC,Norfolk Southern Corporation Common Stock,$278.47,-0.745,-0.267%,67762928699.00,United States,,649855,Transportation,Railroads,
REGN,Regeneron Pharmaceuticals Inc. Common Stock,$615.99,1.61,0.262%,66245423658.00,United States,1991,574365,Health Care,Biotechnology: Pharmaceutical Preparations,
UBS,UBS Group AG Registered Ordinary Shares,$19.08,-0.085,-0.444%,65724236877.00,Switzerland,2014,6253207,Finance,Major Banks,
EQIX,Equinix Inc. Common Stock REIT,$728.62,-1.89,-0.259%,65605819144.00,United States,2000,194532,Consumer Services,Real Estate Investment Trusts,
FDX,FedEx Corporation Common Stock,$245.57,-5.17,-2.062%,65068521315.00,United States,,1674477,Transportation,Air Freight/Delivery Services,
MRNA,Moderna Inc. Common Stock,$159.21,-8.3095,-4.96%,64551821918.00,United States,2018,7689959,Health Care,Biotechnology: Biological Products (No Diagnostic Substances),
ETN,Eaton Corporation PLC Ordinary Shares,$161.73,0.67,0.416%,64465578000.00,Ireland,,1104499,Capital Goods,Industrial Machinery/Components,
D,Dominion Energy Inc. Common Stock,$79.37,0.28,0.354%,64282430343.00,United States,,1781452,Public Utilities,Electric Utilities: Central,
MCO,Moody's Corporation Common Stock,$344.17,-1.105,-0.32%,63980273500.00,United States,,343196,Technology,Advertising,
WM,Waste Management Inc. Common Stock,$152.71,-0.52,-0.339%,63881090877.00,United States,,1097908,Public Utilities,Environmental Services,
STLA,Stellantis N.V. Common Shares,$20.35,-0.22,-1.07%,63748789629.00,United Kingdom,2014,4628690,Capital Goods,Auto Manufacturing,
ATVI,Activision Blizzard Inc. Common Stock,$81.62,-0.14,-0.171%,63572886226.00,United States,,10467938,Technology,Computer Software: Prepackaged Software,
NOC,Northrop Grumman Corporation Common Stock,$402.54,5.125,1.29%,63333908125.00,United States,,502513,Miscellaneous,Diversified Manufacture,
PGR,Progressive Corporation (The) Common Stock,$108.28,1.105,1.031%,63275910000.00,United States,,1851519,Finance,Property-Casualty Insurers,
SNP,China Petroleum & Chemical Corporation Common Stock,$52.15,-0.0298,-0.057%,63138877949.00,China,,77862,Energy,Integrated oil Companies,
APD,Air Products and Chemicals Inc. Common Stock,$284.08,-2.8995,-1.01%,62976201558.00,United States,,843206,Basic Industries,Specialty Chemicals,
COF,Capital One Financial Corporation Common Stock,$147.43,-2.84,-1.89%,62749460011.00,United States,1994,1591126,Finance,Finance Companies,
LCID,Lucid Group Inc. Common Stock,$38.02,-0.70,-1.808%,62594871249.00,United States,,27998021,Capital Goods,Auto Manufacturing,
MRVL,Marvell Technology Inc. Common Stock,$73.96,0.16,0.217%,62407448000.00,Bermuda,2000,9691676,Technology,Semiconductors,
PSA,Public Storage Common Stock,$355.44,3.02,0.857%,62328024806.00,United States,,363646,Consumer Services,Real Estate Investment Trusts,
AMX,America Movil S.A.B. de C.V. American Depository Receipt Series L,$19.22,-0.025,-0.13%,62144090103.00,Mexico,,1492451,Public Utilities,Telecommunications Equipment,
AMOV,America Movil S.A.B. de C.V. Class A American Depositary Shares,$19.16,0.09,0.472%,61966212145.00,Mexico,,1458,Public Utilities,Telecommunications Equipment,
WDAY,Workday Inc. Class A Common Stock,$247.36,-4.41,-1.752%,61840000000.00,United States,,831562,Technology,Computer Software: Prepackaged Software,
BSX,Boston Scientific Corporation Common Stock,$42.91,-0.536,-1.234%,61152127158.00,United States,,5974618,Health Care,Medical/Dental Instruments,
FCX,Freeport-McMoRan Inc. Common Stock,$41.51,-1.685,-3.901%,60948993282.00,United States,,14350512,Basic Industries,Precious Metals,
CNQ,Canadian Natural Resources Limited Common Stock,$51.01,-1.76,-3.335%,60029537190.00,Canada,,3477278,,,
AON,Aon plc Class A Ordinary Shares (Ireland),$269.82,-0.43,-0.159%,59450089787.00,United States,,516331,Finance,Specialty Insurers,
SAN,Banco Santander S.A. Sponsored ADR (Spain),$3.49,-0.035,-0.994%,59405552999.00,Spain,,7934768,Finance,Commercial Banks,
EOG,EOG Resources Inc. Common Stock,$101.47,-2.03,-1.961%,59369080372.00,United States,,1895212,Energy,Oil & Gas Production,
RELX,RELX PLC PLC American Depositary Shares (Each representing One Ordinary Share),$30.58,-0.195,-0.634%,59159124071.00,United Kingdom,2015,789744,Consumer Services,Publishing,
RIVN,Rivian Automotive Inc. Class A Common Stock,$65.60,0.58,0.892%,59060818685.00,United States,2021,14523636,Capital Goods,Auto Manufacturing,
VRTX,Vertex Pharmaceuticals Incorporated Common Stock,$229.23,0.62,0.271%,58282171748.00,United States,1991,1108258,Health Care,Biotechnology: Pharmaceutical Preparations,
GD,General Dynamics Corporation Common Stock,$208.24,-0.7401,-0.354%,58145334197.00,United States,,466835,Capital Goods,Aerospace,
ILMN,Illumina Inc. Common Stock,$371.93,-8.51,-2.237%,58132659000.00,United States,2000,457107,Health Care,Medical Specialities,
KLAC,KLA Corporation Common Stock,$380.61,-2.67,-0.697%,57708912221.00,United States,1980,1158521,Capital Goods,Electronic Components,
CM,Canadian Imperial Bank of Commerce Common Stock,$127.60,-1.68,-1.30%,57542538746.00,Canada,,295192,,,
ECL,Ecolab Inc. Common Stock,$197.89,-15.28,-7.168%,56708804382.00,United States,,1838919,Consumer Non-Durables,Package Goods/Cosmetics,
SQ,Block Inc. Class A Common Stock,$121.48,-6.105,-4.785%,56033458005.00,United States,2015,8547389,Technology,Computer Software: Prepackaged Software,
EMR,Emerson Electric Company Common Stock,$94.05,0.40,0.427%,56025529887.00,United States,,1655732,Capital Goods,Industrial Machinery/Components,
EXC,Exelon Corporation Common Stock,$56.85,-0.13,-0.228%,55617366191.00,United States,,5108595,Public Utilities,Power Generation,
MET,MetLife Inc. Common Stock,$66.08,-0.38,-0.572%,55583865553.00,United States,2000,2481434,Finance,Life Insurance,
BIDU,Baidu Inc. ADS,$158.53,-3.505,-2.163%,55176001454.00,China,2005,2666733,Technology,Computer Software: Programming Data Processing,
ING,ING Group N.V. Common Stock,$14.59,-0.195,-1.319%,55069109954.00,Netherlands,1997,3489028,Finance,Commercial Banks,
WBK,Westpac Banking Corporation Common Stock,$14.88,-0.195,-1.294%,54518787077.00,Australia,,266058,Finance,Commercial Banks,
MELI,MercadoLibre Inc. Common Stock,$1072.06,-19.2538,-1.764%,54094838769.00,Argentina,2007,564758,Consumer Services,Catalog/Specialty Distribution,
KDP,Keurig Dr Pepper Inc. Common Stock,$38.05,-0.065,-0.171%,53946348844.00,United States,,3466319,Consumer Non-Durables,Beverages (Production/Distribution),
NXPI,NXP Semiconductors N.V. Common Stock,$202.69,3.08,1.543%,53902010240.00,Netherlands,2010,2106337,Technology,Semiconductors,
SNAP,Snap Inc. Class A Common Stock,$33.39,-1.598,-4.567%,53754358320.00,United States,2017,21450655,Technology,Internet and Information Services,
ADSK,Autodesk Inc. Common Stock,$243.32,-9.095,-3.603%,53522831957.00,United States,,1828007,Technology,Computer Software: Prepackaged Software,
NGG,National Grid Transco PLC National Grid PLC (NEW) American Depositary Shares,$73.35,-0.6148,-0.831%,53059422137.00,United Kingdom,,406881,Public Utilities,Natural Gas Distribution,
E,ENI S.p.A. Common Stock,$29.74,-0.10,-0.335%,52636181742.00,Italy,,305445,Energy,Oil & Gas Production,
VMW,Vmware Inc. Common stock Class A,$124.87,-0.095,-0.076%,52488945400.00,United States,2007,859841,Technology,Computer Software: Prepackaged Software,
EPD,Enterprise Products Partners L.P. Common Stock,$23.95,-0.0899,-0.374%,52262230683.00,United States,,5386645,Public Utilities,Natural Gas Distribution,
MAR,Marriott International Class A Common Stock,$159.31,2.605,1.662%,51882946246.00,United States,,2408230,Consumer Services,Hotels/Resorts,
TRI,Thomson Reuters Corp Ordinary Shares,$106.18,-0.57,-0.534%,51698926264.00,United States,,249624,,,
JCI,Johnson Controls International plc Ordinary Share,$73.38,0.68,0.935%,51683911145.00,Switzerland,,2295039,Capital Goods,Auto Parts:O.E.M.,
HMC,Honda Motor Company Ltd. Common Stock,$29.86,0.39,1.323%,51561380059.00,Japan,,982814,Capital Goods,Auto Manufacturing,
SCCO,Southern Copper Corporation Common Stock,$66.48,-1.53,-2.25%,51394442763.00,United States,,719368,Basic Industries,Precious Metals,
SLB,Schlumberger N.V. Common Stock,$36.49,-0.56,-1.511%,51182063063.00,France,,9120349,Energy,Oilfield Services/Equipment,
LFC,China Life Insurance Company Limited American Depositary Shares,$9.03,-0.10,-1.095%,51046057230.00,China,2003,262156,Finance,Life Insurance,
COIN,Coinbase Global Inc. Class A Common Stock,$194.75,-26.87,-12.124%,51005025000.00,United States,,10755978,Technology,EDP Services,
PXD,Pioneer Natural Resources Company Common Stock,$208.70,-6.30,-2.93%,50950703399.00,United States,,1666175,Energy,Oil & Gas Production,
NEM,Newmont Corporation,$62.94,-0.905,-1.418%,50186590857.00,United States,,4857514,Basic Industries,Precious Metals,
AIG,American International Group Inc. New Common Stock,$57.87,-0.97,-1.649%,49856494227.00,United States,,3128680,Finance,Life Insurance,
TEL,TE Connectivity Ltd. New Switzerland Registered Shares,$152.08,-1.92,-1.247%,49579386976.00,Switzerland,,1121714,Technology,Electronic Components,
TRP,TC Energy Corporation Common Stock,$50.25,-0.75,-1.471%,49295250000.00,Canada,,1073108,,,
DG,Dollar General Corporation Common Stock,$212.54,0.44,0.207%,49246900360.00,United States,2009,1162636,Consumer Services,Department/Specialty Retail Stores,
SMFG,Sumitomo Mitsui Financial Group Inc Unsponsored American Depositary Shares (Japan),$7.18,-0.005,-0.07%,49177936357.00,Japan,,950743,Finance,Commercial Banks,
PANW,Palo Alto Networks Inc. Common Stock,$496.40,-23.27,-4.478%,48978001456.00,United States,,1255921,Technology,EDP Services,
LYG,Lloyds Banking Group Plc American Depositary Shares,$2.75,-0.07,-2.482%,48828032778.00,United Kingdom,,10122847,Finance,Commercial Banks,
HUM,Humana Inc. Common Stock,$379.07,-3.94,-1.029%,48723493689.00,United States,,814490,Health Care,Medical Specialities,
FTNT,Fortinet Inc. Common Stock,$297.17,-7.82,-2.564%,48587232594.00,United States,2009,882448,Miscellaneous,Diversified Manufacture,
PUK,Prudential Public Limited Company Common Stock,$35.33,-0.31,-0.87%,48515372644.00,United Kingdom,,484650,Finance,Life Insurance,
SPG,Simon Property Group Inc. Common Stock,$147.07,-0.36,-0.244%,48330020302.00,United States,,1414038,Consumer Services,Real Estate Investment Trusts,
KMB,Kimberly-Clark Corporation Common Stock,$143.33,1.76,1.243%,48261607764.00,United States,,1065209,Basic Industries,Paper,
SNPS,Synopsys Inc. Common Stock,$309.25,-0.71,-0.229%,47450805408.00,United States,1992,622261,Technology,EDP Services,
XLNX,Xilinx Inc. Common Stock,$190.82,5.21,2.807%,47300540790.00,United States,1990,2717346,Technology,Semiconductors,
BCE,BCE Inc. Common Stock,$52.02,-0.49,-0.933%,47275776000.00,Canada,,669828,,,
INFO,IHS Markit Ltd. Common Shares,$118.51,0.555,0.471%,47264697500.00,Bermuda,1996,1463406,Technology,EDP Services,
ROP,Roper Technologies Inc. Common Stock,$443.01,3.27,0.744%,46730865549.00,United States,1992,272862,Capital Goods,Office Equipment/Supplies/Services,
APH,Amphenol Corporation Common Stock,$77.74,-0.17,-0.218%,46490679773.00,United States,,1261762,Capital Goods,Electrical Products,
IQV,IQVIA Holdings Inc. Common Stock,$242.87,-1.53,-0.626%,46397763608.00,United States,2013,553219,Health Care,Managed Health Care,
BK,The Bank of New York Mellon Corporation Common Stock,$57.59,-2.33,-3.889%,46310710550.00,United States,,3161982,Finance,Investment Managers